<?xml version="1.0" encoding="UTF-8"?>
<Configuration status="WARN" monitorInterval="30">
    <Properties>
        <Property name="LOG_PATTERN">%d{yyyy-MM-dd'T'HH:mm:ss.SSSZ} %p %m%n</Property>        
    </Properties>
    <Appenders>
        <Console name="console" target="SYSTEM_OUT">
            <PatternLayout pattern="${LOG_PATTERN}" />
        </Console>  
    </Appenders>
    <Loggers>
        <Root level="info">
            <AppenderRef ref="console" />            
        </Root>
    </Loggers>
</Configuration>